name,website,email,contact
Premium Clean,https://premiumclean.co.uk/,office@premiumclean.co.uk,07774 518219
C.R. Ventilation Services,https://crventilationservices.co.uk/,info@crventilationservices.co.uk,07940983538 / 01747 590387
Everclean Windows,https://www.evercleanwindows.co.uk/,evercleanw@gmail.com,07825 426 969
AEG Cleaning Services,https://www.aegcleaning.co.uk/,info@aegcleaning.co.uk,020 7998 3113
Sussex Flash Clean,https://sussexflashclean.com/,info@sussexflashclean.com,07415054989
Dublcheck Cleaning Glasgow,https://dublcheckcleaningglasgow.co.uk/,hello@dublcheckcleaningglasgow.co.uk,0141 370 0504
Eco Angel Cleaning,https://ecoangelcleaning.co.uk/,Ecoangelcleaning1@gmail.com,01392 982880
Apex Cleaning & Organising,https://www.apex-cleaning.uk/,info@apex-cleaning.uk,07881705640
We Clean Ltd,https://www.wecleanltd.com/,info@wecleanltd.com,0121 453 6191
Oliverâ€™s Cleaning,https://oliverscleaningltd.co.uk/,info@oliverscleaningltd.co.uk,07512 855825
ClearChoice UK,https://www.clearchoiceuk.com/,info@clearchoiceuk.com,01132 711432
Why Bother Cleaning,https://www.why-bother.co.uk/,info@why-bother.co.uk,01273 776056
